account_id,entity_id,account_number,program_id,available_balance,bank_code
89446e26-3121-bec7-919f-179e48fdc819,f29e8777-0b21-2e81-d12e-66dca2eba838,56101867399596,4,-11111317.64,AUBL
11b8c383-bd68-24b3-3fab-42fe82efd3ec,f29e8777-0b21-2e81-d12e-66dca2eba838,33270146033386,21,-32776915.14,AUBL
ea6e4148-2ceb-1802-4a32-918855c5a1d5,f29e8777-0b21-2e81-d12e-66dca2eba838,69663200638322,21,-4406025.86,AUBL
df097f1a-39c4-108e-56d6-a273068a3d23,3db03f62-7e3a-b901-c335-4e89df68b60c,20680963037096,46,103329744.23,HDFC
91444791-cfde-7572-8de5-a8ffd87fc184,082b5295-2e76-ae05-a26e-6c909289ab0e,94334628760345,46,60682836.84,TMBL
b5382d70-faa8-3354-48d7-c29fbb34b263,082b5295-2e76-ae05-a26e-6c909289ab0e,90525572354325,21,-29117512.71,TMBL
65b114e6-43c4-258b-9f32-599c85236ece,082b5295-2e76-ae05-a26e-6c909289ab0e,26737697788813,46,30902964.12,TMBL
caf77f13-ebdc-d15a-71fd-0aea51470569,082b5295-2e76-ae05-a26e-6c909289ab0e,39093929592859,21,-28260910.91,TMBL
71ec9279-e9cd-0ecb-9c3e-f0a6d7bd4845,1f6d1059-e39d-24fb-4541-c723725072d5,62887147718773,21,-66054705.55,AUBL
fd3a9ca7-c4f7-e649-27b6-053909083088,11510aee-3c9b-4fd6-cb93-bb2d252741a1,74625610297082,46,45780436.71,CNRB
10287267-23da-abc6-9fa0-bc21724694ee,11510aee-3c9b-4fd6-cb93-bb2d252741a1,49839041364423,46,51403713.87,AUBL
2c11fdda-4ca6-c5b6-ecbb-de25cd0bc3b5,11510aee-3c9b-4fd6-cb93-bb2d252741a1,24066218976487,21,46842090.04,CNRB
f80026f2-ad7e-4fcf-2294-96d9f3f62e20,11510aee-3c9b-4fd6-cb93-bb2d252741a1,19373634442258,21,-13794609.97,AUBL
49ed98a2-ffcc-d9d3-53d3-51cc405ce76a,11510aee-3c9b-4fd6-cb93-bb2d252741a1,99978880322290,46,-1671029.36,AUBL
4f87085d-d081-5c24-b18b-de43a69a7967,11510aee-3c9b-4fd6-cb93-bb2d252741a1,50981690929913,46,34990622.15,AUBL
ca910918-6b96-bd3c-9e0e-37b8308f3310,11510aee-3c9b-4fd6-cb93-bb2d252741a1,88527857423364,21,20659841.49,AUBL
307a2033-3c39-c33e-acbc-70791dab8c4c,11510aee-3c9b-4fd6-cb93-bb2d252741a1,53413840416620,4,-10745498.85,CNRB
8377425e-f5d8-a1f9-8f3f-9f675a5facc1,11510aee-3c9b-4fd6-cb93-bb2d252741a1,93012187469140,4,-59762872.8,AUBL
493a655e-46b5-8698-aebe-185de295743e,11510aee-3c9b-4fd6-cb93-bb2d252741a1,17898344449439,4,9555007.77,AUBL
32abf186-579b-ab8d-9c00-cfa3b0817915,11510aee-3c9b-4fd6-cb93-bb2d252741a1,20261727220109,21,48160385.57,AUBL
f6e12965-f6ea-b5b0-12f6-49a97d407bc9,d4c3ccd2-3a62-c8c8-5d3b-b0253f8fe6db,93666896895180,21,-42903531.56,UTIB
332c74a0-8fc9-446a-c054-1da94866c9c1,d4c3ccd2-3a62-c8c8-5d3b-b0253f8fe6db,95274374054030,46,30550375.27,UTIB
1823217c-43bc-ab2d-7264-07c62442738f,d4c3ccd2-3a62-c8c8-5d3b-b0253f8fe6db,38324570271882,4,18261667.81,UTIB
ac872e61-015e-5292-0d2b-e10a4550d93c,e4544f1d-3fd7-dd3a-883e-0d02f22ea899,41964839829448,46,35005930.53,TMBL
de079272-6e11-aa4c-68b6-86c32716b35b,e4544f1d-3fd7-dd3a-883e-0d02f22ea899,50720521135128,21,39879019.99,TMBL
20a39073-fc6a-97fe-6f67-ef9f2fe4d976,e4544f1d-3fd7-dd3a-883e-0d02f22ea899,47454551206056,4,-22778609.68,TMBL
b53541e9-6eb9-5787-1632-b94ab0023956,273da416-a47f-38f2-507f-23778a900321,27104069436363,21,-59678376.01,UTIB
8a7145de-b314-5838-feff-a43e21f8885a,bf2a5126-923c-4d95-5021-e30d4d24ca6f,90853784554543,4,-16340781.03,HDFC
d47c230d-40c6-e2a7-38ed-1ac10c209ac7,2de48720-f2e7-3c4a-2859-3cac6b1a2fde,32797684063507,46,40565092.7,RATN
20801837-c68e-913c-54a5-fd9d8ad6d21f,5e0168aa-6a90-2ca0-f617-9ac893f8efae,73474516852988,46,-16680156.14,SBIN
f9d46bd4-c69a-3ea0-70e2-ed52495e357f,5e0168aa-6a90-2ca0-f617-9ac893f8efae,16044010996147,46,-22761732.95,SBIN
9e7e0a0b-9bb9-9ab8-d51f-1ef87468df19,5e0168aa-6a90-2ca0-f617-9ac893f8efae,13487619837558,21,-67854013.68,SBIN
d797728f-c597-eb26-be2f-1ba023c91e99,5e0168aa-6a90-2ca0-f617-9ac893f8efae,68835742531922,21,75105902.18,SBIN
5ca98df7-942d-b708-c55d-d60135c11b1f,5e0168aa-6a90-2ca0-f617-9ac893f8efae,40511427181593,4,38028545.66,SBIN
f181817a-60d9-730a-3cb0-19ab70ea734f,5e0168aa-6a90-2ca0-f617-9ac893f8efae,68991345344800,46,35795839.25,SBIN
a0594f85-bce5-b3cb-d86e-6708b0a550e8,9971268f-4843-61b6-25d5-218f899cb0a3,18461908195194,4,43709015.47,ICIC
207ed438-d5ca-cdc8-d46a-7d776a1316bb,9971268f-4843-61b6-25d5-218f899cb0a3,95486624192427,4,28068334.46,CNRB
ec434633-d74f-c3a4-76bf-77538aade964,9971268f-4843-61b6-25d5-218f899cb0a3,77366302020378,4,-4773154.21,ICIC
cbb8cca5-368c-1432-8bb9-6fbb8599b1ab,b84d1f42-0c9b-eb02-1615-0ec2b324842c,88864050972321,21,-1550564.16,UBIN
4cd9fe7e-ad35-2c23-0982-022444d4095c,dfe34c43-01cf-ba0a-efa6-0ca841eb0999,22282349864005,4,-12102574.58,SBIN
8bb166fc-011a-2eed-c2aa-fedd47963f18,0b7704e4-5fa5-2d1a-8e15-57c8a63424e1,38814487200358,4,110389630.18,TMBL
6357ea09-926e-8ca6-f5ff-05926cfc4005,0b7704e4-5fa5-2d1a-8e15-57c8a63424e1,43150974778570,21,27236481.25,TMBL
8b2286fe-9238-0634-78f9-6dcd08340238,32498ad1-ed02-5e68-701a-7a9e71534aca,58345538349413,46,-13552017.65,KKBK
f722c47e-5d0e-09db-8a5e-4c9aaf760cac,47cf69ac-8614-ac59-bccc-3baff0cacb94,36718163695667,21,23619870.97,HDFC
e61fb973-fe7b-e182-7fcb-31589d48686a,47cf69ac-8614-ac59-bccc-3baff0cacb94,15456766797046,46,-35434756.71,HDFC
372da2b2-e209-ba43-1528-364a4e5ebb65,47cf69ac-8614-ac59-bccc-3baff0cacb94,43199054266372,46,65180268.74,HDFC
f8c82293-09e4-97ee-9ea5-ee0e5fabfba8,4f715f4a-e4bf-8967-6221-3f76286da0c2,32909438316455,46,-21442763.83,RATN
701d30b4-3576-40a4-b8b0-aa155425bcff,4f715f4a-e4bf-8967-6221-3f76286da0c2,44732916231689,21,25043417.3,RATN
b47048ca-353f-5c9c-ed8f-7b55a6bde3f6,ff7ec0f7-1a07-2b79-20bf-78a1260018ff,27726358835802,46,47639105.19,CNRB
c3a41ffd-e5c6-6b35-ee06-7372c27d05cf,ff7ec0f7-1a07-2b79-20bf-78a1260018ff,33570673710826,46,20390741.77,CNRB
7ba1d9ac-84d7-970a-7de7-6de81bd1993d,ff7ec0f7-1a07-2b79-20bf-78a1260018ff,66425710638904,46,8778799.67,CNRB
74e77d08-ba97-8847-f57f-f42a69cf44ba,c70400e3-17e3-e2a3-bacc-aebf762f3fb9,44933845112025,21,5432083.39,SBIN
74d6e21b-cf58-46ae-8756-19b40386e9aa,5206dd09-d55d-8a2f-2d0e-4d9f822367b2,41084505385254,4,2742356.12,UBIN
dcd007a7-c482-bb32-a45d-036873c6a689,5206dd09-d55d-8a2f-2d0e-4d9f822367b2,58051506945013,21,-18067939.56,UBIN
62e74613-16cb-74f3-9a1c-79163f90363a,5206dd09-d55d-8a2f-2d0e-4d9f822367b2,79467448675953,46,-12979337.19,UBIN
47a90bb9-23ec-fd18-ffa9-a08d55f73619,5206dd09-d55d-8a2f-2d0e-4d9f822367b2,44098116071316,46,64183614.95,UBIN
5c91c106-652e-1928-bccd-cac274e0490d,5206dd09-d55d-8a2f-2d0e-4d9f822367b2,62876754330025,21,658534.69,UBIN
31e3d616-569f-f392-1eb8-a06d52df9043,5206dd09-d55d-8a2f-2d0e-4d9f822367b2,96958236283135,4,-26431850.78,UBIN
6439cad9-bf40-5c13-1264-c89964e1e6a1,5206dd09-d55d-8a2f-2d0e-4d9f822367b2,56978210270624,21,-15651903.87,UBIN
1d343e9d-27ff-0de1-68ed-f21ac3c80349,5206dd09-d55d-8a2f-2d0e-4d9f822367b2,91881781886579,46,49014827.23,ICIC
16fa116a-5f1d-74a9-8404-178bcf6ffcfe,5206dd09-d55d-8a2f-2d0e-4d9f822367b2,81430536183078,21,32024265.33,UBIN
b94e3f9f-3c90-24ab-ab2a-e9f501804067,5206dd09-d55d-8a2f-2d0e-4d9f822367b2,15284681348513,21,27413167.13,UBIN
13d2d9ed-3057-956a-7b49-961d60b9f7c5,f8c99ddd-1b53-7210-8d90-f41ab0dd327b,48618898432233,21,-5300847.96,RATN
9175e46d-2c3c-df9e-83bf-7fedd8cd8938,f8c99ddd-1b53-7210-8d90-f41ab0dd327b,72848656708172,4,27934498.81,RATN
c7a58cd2-320c-03b9-ebf3-8c1087cafe3e,f8c99ddd-1b53-7210-8d90-f41ab0dd327b,98804072120337,4,-20742445.0,CNRB
b9779f8b-907a-c38d-55ba-9c17348d433a,f8c99ddd-1b53-7210-8d90-f41ab0dd327b,51253866204536,46,-5384561.25,CNRB
7231d546-68f8-f511-7e56-727f97f0a34b,f8c99ddd-1b53-7210-8d90-f41ab0dd327b,18350690871406,4,43792179.5,CNRB
3191df7c-6f6f-0b92-8eb0-cc8d251a0f92,f8c99ddd-1b53-7210-8d90-f41ab0dd327b,60580825724158,46,39971107.16,CNRB
ee4156b1-7abb-13d1-77e3-dac40596bdf9,7fd29524-0d4d-5f75-f2f5-ff95676ecc3e,21390741291156,4,-34276393.84,HDFC
d5cd1a90-bdb6-1b86-f7d6-ba88a1e6a48f,8030930a-6772-9e4f-efa6-dec3e9e948e4,77636760425145,21,-29221058.12,AUBL
9cba8419-dc9f-dea3-f652-bd0a83dfc7ee,6f06e33e-ecc2-6fcd-5c5c-462179631f31,55690929771560,21,9348086.11,KKBK
163601b5-86c4-7b57-835b-e5edc1aa1535,24d6777b-b07b-6dd1-c7c1-d6b5211c30cf,75108823153955,46,74045294.99,UBIN
09014b0d-a46a-a78d-7358-faa75846dc85,ef3308f9-195f-7a95-9cd8-52351e850a30,88242564419067,46,-71622606.58,TMBL
50b242a2-bd12-2b6b-96c6-aa13dab24dcf,ef3308f9-195f-7a95-9cd8-52351e850a30,66605321544649,21,16133317.58,ICIC
2853731f-b0be-2eb7-2e4e-71286bd903b2,0391541b-d64e-3854-7ab7-f6b8f931202e,65119539632786,21,-50041733.26,UBIN
dc4059f6-225f-0c06-6d0d-1669bceed997,0391541b-d64e-3854-7ab7-f6b8f931202e,77911326589566,46,-20373239.74,UBIN
34b09b1f-fba5-0c1a-3787-d0a519ac6f58,2c9d8495-d7f4-872c-23d2-543a2254063b,85820950130740,21,-9577136.72,HDFC
485bceda-2a31-0a80-24e0-79cf18def879,2c9d8495-d7f4-872c-23d2-543a2254063b,88214840764930,4,-11820333.74,HDFC
f9c9d60a-696e-925b-185e-35e4c866edb8,2c9d8495-d7f4-872c-23d2-543a2254063b,13278717611459,21,-16351837.59,UBIN
d1797c1e-a710-f46e-964a-0d9dd5801c35,2c9d8495-d7f4-872c-23d2-543a2254063b,60057126711801,4,5288282.42,UBIN
37fd000a-6742-3bf2-0025-3ba0f14167ac,2c9d8495-d7f4-872c-23d2-543a2254063b,29464237881779,21,-16410222.67,UBIN
622fe173-3e3d-d80f-a56b-940e531a725d,2c9d8495-d7f4-872c-23d2-543a2254063b,87431130170360,21,-53498295.39,UBIN
84089062-ec60-7785-6e93-fda705b368d0,2c9d8495-d7f4-872c-23d2-543a2254063b,68355791668302,4,36194784.5,UBIN
aa0d9e4b-124f-c68e-5dd1-cfb8fadb064d,2c9d8495-d7f4-872c-23d2-543a2254063b,47820023112919,4,35114886.69,UBIN
efa94a98-3ef1-b3d5-c4ed-14f199f390bc,2c9d8495-d7f4-872c-23d2-543a2254063b,26929380530921,46,38726972.4,HDFC
df02199b-fe35-1359-89eb-81cb3f435c1d,2c9d8495-d7f4-872c-23d2-543a2254063b,40512126332784,21,-56629379.85,HDFC
fa294d80-bad5-2c06-bbc4-74f0c38b48e8,2c9d8495-d7f4-872c-23d2-543a2254063b,73339992508620,4,16956726.1,HDFC
0a67bc61-1644-157b-b5a0-1d58e765b86d,3acabcd2-ccfa-72c3-6059-182ef2a66016,28392359069047,46,32039154.23,SBIN
3c821e14-c12b-b487-083a-ec3048e9266e,47800a92-e714-46c4-a6e4-1a79472ff57e,18422465080453,46,-36248082.74,SBIN
9020d920-f831-ce73-372a-810dc5090035,21bf19d2-3d68-a561-fc93-e28a17e9aae4,89922588240479,46,5366929.93,KKBK
0c92f951-1908-a25a-91ea-664ac99d3e28,04991e7f-fac5-24e5-0140-82484e011ef4,78778931462210,46,349334.19,TMBL
5af7a927-69ff-4e97-f9bd-6310806e5d83,ad7b09f1-5219-2745-b7bf-22849d5cd9bd,27981543759231,46,78686026.34,CNRB
2752731f-77de-036e-277f-1951a1e20546,f824b1c8-cd51-916e-d8a9-88696d8b10a4,36308038908699,21,81979841.48,UTIB
eed3d730-218a-0bdd-1b05-db3c44ff4152,1f306a3e-9451-3c43-f381-7e44c91bcc04,97486315941779,4,-61574255.73,AUBL
10364b90-3358-0fe7-f0ea-601aeddd9a2e,4be9bb2f-c78b-d711-6c7e-660d9c69ae0c,73736603808320,46,104757080.23,TMBL
25fdd338-2c7b-2d11-f780-555efbacb0ec,4be9bb2f-c78b-d711-6c7e-660d9c69ae0c,64946980379244,4,-31609028.85,TMBL
31f3a98a-2f74-c0fe-2ad8-6ebffb23219d,819ed6a1-a0b8-c604-1e54-9cae6699c703,37686563688171,4,44226931.77,RATN
260a4258-674d-aab3-66d6-53f9bcb43962,ed70cb7e-a479-c8b2-455e-1af6a2770dc8,36921262974987,46,43819919.23,SBIN
918dc8ea-76bd-7065-a06b-6d820ad731e6,ed70cb7e-a479-c8b2-455e-1af6a2770dc8,13557125682120,46,-34827609.07,SBIN
5d45e223-3cec-908b-31fa-74175dd0014d,ed70cb7e-a479-c8b2-455e-1af6a2770dc8,75563368021173,21,24730711.75,SBIN
e9963e8b-4a18-10b8-5384-5b7871e770ec,b1bb2ed7-9dc4-cb57-d9bc-9340f8b1c63c,13885770255119,46,698650.23,AUBL
42c4f8d0-3136-6e0a-6531-a3d9f5b83a48,b1bb2ed7-9dc4-cb57-d9bc-9340f8b1c63c,10437160399955,46,27173200.19,AUBL
89872d40-cbca-9e14-a43d-5cf18c076442,c424e7af-c76c-4e1a-e0c0-57ca696c705c,75654557907488,46,14226892.1,CNRB
a8fba342-3635-8521-4edd-4d6889425e73,94c40edf-bd31-eb65-a317-4628274815fa,95398638143421,4,52853579.41,KKBK
a040da01-e858-cb4e-6989-c7852590f6eb,94c40edf-bd31-eb65-a317-4628274815fa,78085274295457,21,8015981.73,KKBK
cbdfbe21-89f2-6f29-4a22-1e4ecb3143c1,94c40edf-bd31-eb65-a317-4628274815fa,52447617156194,4,-1714962.78,SBIN
33ad927b-cd7f-18fb-c277-f7925616d403,6ac2db76-2272-0376-1f6b-ebc368a60286,53744072460478,46,48842569.32,UTIB
81e8a538-a2ea-bed5-272d-4bd71784ec55,6ac2db76-2272-0376-1f6b-ebc368a60286,49252278038419,4,28215838.59,UTIB
ccf30c54-441a-9969-3b0d-c983fcd67690,6ac2db76-2272-0376-1f6b-ebc368a60286,39217930039930,46,34272535.77,UTIB
dceea2de-99f2-df5e-3fff-50b630a87d17,33247f42-d378-5525-1f36-4255d711c5cc,56954279276725,4,-21583466.89,ICIC
9e2769f5-462d-abef-e7e1-f9910427addf,dd43b51b-893b-c13a-7a69-7cd737b680cc,48803586142700,21,-36810511.26,SBIN
a6e2599a-1e59-fb44-f1c9-330313ed27a4,cddb1add-52b5-9863-9698-1387f2fb03f7,63835109203669,4,-17708885.73,TMBL
dd38123c-4135-e08d-800d-bd5473d78f4f,cddb1add-52b5-9863-9698-1387f2fb03f7,90830807245098,46,-19832855.43,CNRB
9ff790cb-4690-6031-2809-da1f1a57e88a,066d0a58-83a4-1c2a-0849-f72c969b3d00,99550847559142,21,36447970.75,TMBL
f2e761c1-2291-db4e-c18f-520ed7b8369a,b724ebf1-f78c-3a99-afa4-02ea9a00b5c6,17086896089462,46,44039362.01,TMBL
20a9fc9e-060b-4353-7df9-a84f832fca3b,159a7574-db89-d918-8b65-0240512997d9,44621512539520,4,-1205211.58,ICIC
59100676-f19c-c515-d987-eaf652eb3172,bd2e0e41-d56d-43ff-0326-44d1eba31388,26263557619012,21,62236760.75,UBIN
1cb7f74b-836f-a0e4-5c28-99ba00ce6d7c,bd2e0e41-d56d-43ff-0326-44d1eba31388,41690842653298,46,59738775.75,UBIN
1730306e-66ec-9ac0-ffb3-3b5a7ad4131e,bd2e0e41-d56d-43ff-0326-44d1eba31388,35872571669358,46,14735956.66,UBIN
78d122f2-ee11-5aff-ce97-c5e626bbdccd,d371b610-767a-04eb-187e-52c4093b37a0,25708341846410,4,-27875670.86,HDFC
39d67aed-3985-3fd8-3954-80cdfa6134bc,d371b610-767a-04eb-187e-52c4093b37a0,78766844807916,21,68015065.98,RATN
683b74bb-6722-87d9-b9bd-5e2b4a84c420,218d0034-c8bd-41f7-744e-2e944c75b922,54665986854631,21,2559305.96,UBIN
70166285-d8bf-6f18-4971-c7fd79918742,218d0034-c8bd-41f7-744e-2e944c75b922,92732102399550,21,10046607.86,ICIC
9ef4d89a-a1cc-d894-598b-f7c304c45d01,6f0fde03-6295-39a7-b8fb-5bee6b1c43ea,12933319892231,21,-8584201.02,UTIB
f218faaa-6631-a9d1-401c-61fd21840f22,6f0fde03-6295-39a7-b8fb-5bee6b1c43ea,16028021181879,4,-30591613.05,UTIB
d9717a3b-417d-edf0-aea5-f291351dd501,6f0fde03-6295-39a7-b8fb-5bee6b1c43ea,46294622463730,46,-53745577.21,UTIB
60d8e99a-08fd-6a53-434b-891e0d3d9ea3,1fae544b-afa8-8a7d-d34d-61e27a2eb8e3,17224958836363,4,30314732.94,KKBK
5359875e-15c6-00b8-a388-5715b9dab8f4,91396849-a3ba-6b25-6e69-c7fe7960c24d,33645663677335,4,-26336042.16,AUBL
c55164b1-2975-00b4-951b-193cf206d20b,91396849-a3ba-6b25-6e69-c7fe7960c24d,98742676876896,46,127381249.16,AUBL
1fa7ad11-c95f-e405-c034-5c15fc404057,ed74bd45-3ff2-ced5-4b9c-a62a25de6068,28806364673615,46,-38442943.3,KKBK
8a5cae35-a3a5-e909-fe57-7df8440c15f0,14b3ddef-4436-f0a2-f7e3-2fe039c07447,27830596727088,21,-45295299.0,TMBL
6c4ace22-6ef7-c0f6-0242-0c35c9eb4724,65c7af3c-0fa6-6bfb-7563-68361861c992,61627660191613,46,25405548.62,CNRB
2ecc8e3a-c86c-7ae4-fd82-dd5e810a5509,65c7af3c-0fa6-6bfb-7563-68361861c992,54819846171384,21,66172539.16,CNRB
9dcf96e5-2928-f499-1bfe-96d60bbd4f29,f91e6d1e-23c7-dcd2-50bd-6177928c9a65,62239446748256,21,7583586.28,RATN
521ba197-35ff-cbcc-86da-9c4917383b1f,4d0af934-6f01-a1cb-713b-7fa659d28812,43906175038769,4,27889696.81,UBIN
2f83661e-6489-e80c-5744-8ddb8c3bbe7a,4d0af934-6f01-a1cb-713b-7fa659d28812,84408612390545,4,-68741896.7,UBIN
a7379558-eada-6ff5-a397-49896c74a977,21d8f441-7a56-2a3f-0318-703b90d66d61,22472249629821,21,-22100461.83,SBIN
2c983fdf-9d3e-526c-b8c3-bbe002254c3e,21d8f441-7a56-2a3f-0318-703b90d66d61,48555338125731,21,-37944629.17,SBIN
ac401ebd-d9da-f27f-dc27-0790ee1b6533,21d8f441-7a56-2a3f-0318-703b90d66d61,72078566359967,46,-70801834.0,SBIN
297efc9b-3f87-89f8-66e8-2292baf75c1a,7d13d810-2a45-5a31-4d4b-1d1096f78512,88141279625460,21,9679209.36,AUBL
6f4c6a2e-d92f-7b29-eed4-ba25809e2350,7d13d810-2a45-5a31-4d4b-1d1096f78512,43261444572108,46,-84713104.86,AUBL
ced8a042-128e-08b6-528b-1eb6fcaba337,8224b4a2-6ab9-42fc-83fb-607cb3b66a39,61097103918437,21,-47887838.64,KKBK
3a8884a9-3a48-003c-3430-35c7f89c5034,8224b4a2-6ab9-42fc-83fb-607cb3b66a39,16222595050653,4,-16487751.76,KKBK
c4834222-85e4-fe2b-610e-ccf4f954e6aa,a9b17813-9aab-60be-eb1f-02108c0a8582,25328717930064,46,-28251433.44,CNRB
b8cee1f8-0cef-ed32-874e-82c042430d64,a9b17813-9aab-60be-eb1f-02108c0a8582,16222434621950,21,20856340.09,CNRB
e71488ca-dbb7-0e47-ab0c-8561e18211b4,50511ac5-3b89-b420-bcfc-6241a5dff3a4,75509280279866,21,17223207.68,ICIC
2b3b437e-de0f-7815-d534-cf288129e077,f4a3b9cc-5696-b18e-c802-e2ca964f7822,35925397184992,21,40751949.84,ICIC
b711df0b-8a9d-8ff1-3990-3c87b9dd8b7e,8561bf0a-5e15-4105-8b7e-ad89a705da50,75137076117265,4,35095349.31,CNRB
efc995bd-4e48-ec7d-4d9e-a6bbdc0a35c0,49548a38-814b-362b-1c4f-85a89ddc604a,15975845113894,21,50632511.57,ICIC
c35531ab-1955-b325-f04d-489229cfc5e7,f5d5339e-5dcb-e545-6413-c1de50f36920,87629302036749,21,4923264.0,RATN
301a72ee-9e71-4dd0-7097-534d72c0aa93,ecc03ec6-bca8-670a-ff3d-a9d03f0c7f45,85197717829998,21,17138676.03,RATN
d2792935-89a4-d6a9-3dd7-96a020ff88e0,ecc03ec6-bca8-670a-ff3d-a9d03f0c7f45,18003586874525,4,25460548.08,TMBL
1b78d2b0-c28d-308f-fc51-aa1d478c7c09,ecc03ec6-bca8-670a-ff3d-a9d03f0c7f45,12138085581146,21,10666267.9,RATN
96be7f93-9a3f-b911-72ef-c93369dc3bfa,ecc03ec6-bca8-670a-ff3d-a9d03f0c7f45,15065993168379,21,-10887772.4,TMBL
7f65d6fe-20d7-d3b5-fc2c-0533db006ef4,7fc94344-53d6-bfd2-0b4e-ca8cc9952879,86826715583206,21,-8297701.37,AUBL
87f4d27d-1f2b-fa47-eb58-4929dcd7aa9b,065d310e-6f13-db9a-e113-40b757bb50f0,31123314014670,4,-27702335.93,AUBL
850133d4-c7e5-05bc-e7f6-9dae63cfcbd5,98d0ce0b-6124-8ed4-af3b-1b9d8c94b9f0,59344598607236,21,21864673.2,CNRB
080edb59-28b5-cacb-94f3-5eb554461fb7,8e21757a-2ed3-91ce-48ae-392f326cd3e8,48361978286205,4,1239393.04,HDFC
8218ee4d-f042-4977-cc67-1c5887dd7b4a,8e21757a-2ed3-91ce-48ae-392f326cd3e8,81597297360574,21,-21526950.03,HDFC
efce7b27-1b1f-5dcb-f5e6-f404e9705c8b,25f0fce4-af8c-e03a-c72a-44126e716c3f,54000847132360,4,-21489792.77,UTIB
6fc970c9-ba76-c821-44e5-bc8af9fdad85,25f0fce4-af8c-e03a-c72a-44126e716c3f,55059475659514,21,-43415949.11,UTIB
46e3c5fa-f9a8-bcaa-09a9-dbba3a0d3734,a24c3163-3c46-3327-d63e-daaf87980a1c,99018274554991,46,44153653.65,KKBK
feac3056-70f3-f95a-5223-3aff2fbd5e84,a24c3163-3c46-3327-d63e-daaf87980a1c,23511660107433,46,8144706.78,CNRB
1957916c-0e84-d20f-a30b-c640b4ef2e8a,a24c3163-3c46-3327-d63e-daaf87980a1c,84763354487133,46,-29512000.78,KKBK
7c7ce2e0-e06d-fa7f-8c1a-ba704d289795,d73e3f5a-4c00-18bd-0b10-6820a0425a9c,14657477104349,46,37341909.98,RATN
83399c66-2ff3-592b-14a1-324d33239f89,d73e3f5a-4c00-18bd-0b10-6820a0425a9c,52988389261567,4,-17417952.39,RATN
7a5ab505-8707-7697-8f8f-1b2407f42d64,1b1c179d-caf1-cad1-1b3e-4f7986c09ef7,89770134153972,21,-51260025.08,SBIN
ebf63ba2-fc0a-8b80-2ca5-62bd6738e422,b92bac18-f2e8-5a63-aa6e-910f5c540a00,69869256904370,21,45848891.57,KKBK
6bf8dc55-bea9-4eb9-8168-a1fd644f79e5,b92bac18-f2e8-5a63-aa6e-910f5c540a00,71669315742951,46,-16483879.58,SBIN
f92a4c13-0bdb-6827-9361-1add90249652,b92bac18-f2e8-5a63-aa6e-910f5c540a00,33698555403083,21,-11355963.61,SBIN
111b7e1e-d20c-ad73-a2fc-d2ce333f38a7,23ed4bbb-abbc-60a0-ffc5-53def636a4d0,47671731222530,46,6647200.81,UTIB
bbe33fae-2947-25e2-699d-3130b6e0b13a,bfb31411-ea95-c8a7-0622-abc18342e10e,42992295714914,4,50703568.91,ICIC
97cc017a-bfd5-96d2-6887-db8cae16c4ff,6b4b1376-daac-3cc2-aa6a-509bceecc68a,56929888914219,4,5801491.63,ICIC
3d946a9e-9ef6-ed7e-adb6-fa79765c7ed2,01aab4fe-7b1c-f221-22f3-4614bc98be76,51600513712930,4,-42964685.05,UTIB
3a5c188e-49b0-db6e-bfc9-e0a82e6b1547,01aab4fe-7b1c-f221-22f3-4614bc98be76,39420851668929,21,26755080.16,HDFC
b83cf770-6c71-aa14-cec8-196481c7dfe6,f75af97f-c531-bcaf-a66e-97d08eede034,37493255113405,21,-14399588.97,HDFC
a33a5795-1e2b-0494-5563-8729acc0874e,2a7d08e3-540f-7adc-9f91-903ae2eb4cb1,32576760248960,4,80516958.86,HDFC
9c75a216-fc9d-e390-6c90-43295f6a50f1,98963ea9-75e3-2282-1727-1f9c20d62a86,42854252219628,46,4955211.12,UTIB
0d036bf8-3d03-c0fc-54a7-3f674373202b,2e74b3aa-8912-411f-ae44-325debca678c,23494733014065,46,-84401419.92,SBIN
990edcf1-4f05-8adb-870d-1e0f81aa6040,eeda9c1f-f5e2-ded2-e5a3-fb17d9a869b8,88489387180321,21,19294598.89,CNRB
fb3c2f60-80bc-6970-2091-e1715aef8e54,eeda9c1f-f5e2-ded2-e5a3-fb17d9a869b8,64190745265008,4,82783911.69,CNRB
046f4abf-ac21-1ff4-6e1a-789b66880421,bd02e712-d93b-429b-dd0a-a4d880ee165e,22040778303446,46,68036811.54,HDFC
7810b784-8159-d410-304f-7182594eee83,cdea98d2-7d3f-aebc-076c-82edbbbf933a,72447340078810,46,78238171.55,UTIB
7e8f87a0-8150-cca1-884b-d5ad4dafe0ec,6e9cc9bb-a70f-f6c5-3ef4-631a8530bffa,86289982119817,4,-35790407.42,KKBK
e591c291-9528-2e19-d9bb-bc7fb77d0aee,77a65215-33cd-a2b2-3da6-e85944cdbfb8,31378210484703,4,41486095.84,RATN
48689718-db91-ff42-fc42-e1d975d26d39,77a65215-33cd-a2b2-3da6-e85944cdbfb8,23554053490353,21,-23879781.59,RATN
79be6086-6525-64de-723f-8f30776d26ac,a2618fca-cdec-9f72-740a-f755ccc44ea7,10775553142037,21,13971575.98,UBIN
b799e513-d506-7fdd-0e6b-a3e5a730a182,c8e641e5-8d93-e545-249d-14e43ef4bc21,14252530497083,4,-45918097.15,TMBL
0f71d72c-c971-b6ac-3a55-8b135c7e15aa,d8d3a6d2-8860-7cb1-dab6-762a507fd72d,78602621347316,46,-20778230.6,UTIB
cd143026-f604-8392-1ad5-680619dd5d50,0490f393-c42b-283a-c6da-438584f04b51,98846769883752,21,-22049867.89,KKBK
d27c9642-e9c4-71b5-c264-2da7da457b86,0490f393-c42b-283a-c6da-438584f04b51,14039229022864,21,40942211.21,KKBK
b83ac90c-cc55-885e-fc13-83eb0e42ae47,0490f393-c42b-283a-c6da-438584f04b51,77326386317190,4,37028764.87,KKBK
a5ef5e70-3f29-5f83-8dd1-b501926b5b30,0490f393-c42b-283a-c6da-438584f04b51,16467594925686,46,16072789.17,KKBK
bf636f83-c638-5c0e-2d45-edd7440ce215,0490f393-c42b-283a-c6da-438584f04b51,63291954241330,4,-49016856.72,KKBK
c8213ad8-bc8c-c91c-056a-7af936bd9de0,0490f393-c42b-283a-c6da-438584f04b51,78046775418541,46,-7465577.36,KKBK
e744e4fe-4a1c-c529-f9e1-1c550abda809,0490f393-c42b-283a-c6da-438584f04b51,42328395754096,21,-24844659.32,KKBK
6d9c8a48-ad8f-9036-50fd-1080e66c61cb,0490f393-c42b-283a-c6da-438584f04b51,10984124899959,46,39787030.27,KKBK
74c01b41-40c2-995a-1cac-bd816de0637d,a9df2869-a206-e3c6-cef0-026cd65eb0c4,63567041691288,4,52127394.11,KKBK
a34fd28d-85e9-424b-2d4f-f6e857b7ee07,a9df2869-a206-e3c6-cef0-026cd65eb0c4,99212016532602,4,47255423.44,KKBK
316e4cf0-cbf7-c9fa-4158-622cbdc126e4,a9df2869-a206-e3c6-cef0-026cd65eb0c4,33185568055464,46,-25208776.78,KKBK
db31d2f1-3043-8474-a7e7-48a809fa8d6f,a9df2869-a206-e3c6-cef0-026cd65eb0c4,27054214946849,46,-104581324.89,KKBK
c5405cae-5642-8a3d-e44b-e97a9086655a,a9df2869-a206-e3c6-cef0-026cd65eb0c4,21153330347816,21,-65678475.93,KKBK
a18d813e-cb94-575f-4668-6f2c7e9e1eca,1bf0dc68-128d-33d8-32bd-83216248fb01,59973005791005,4,61865079.12,TMBL
4d3906d8-742b-afea-afef-065c8dae184a,49b5e547-49c4-90fb-03bb-07697e801123,63680058942424,46,-11050197.57,RATN
590123ab-f5eb-9ab0-10a0-5a241fba6782,49b5e547-49c4-90fb-03bb-07697e801123,81304375345336,21,-25028984.73,RATN
6f5a7e4d-0209-b230-0296-1c3ef3d99afb,49b5e547-49c4-90fb-03bb-07697e801123,77776594625845,46,70706411.74,KKBK
a99b8a1c-b8ca-4410-0e10-382e3d0c2308,49b5e547-49c4-90fb-03bb-07697e801123,90328734531557,46,55606397.82,KKBK
c72d4aea-d06f-4c04-ec52-253badaeee04,49b5e547-49c4-90fb-03bb-07697e801123,82519542850807,46,5977948.88,RATN
abfea2d7-eaf8-df6b-94ec-1487bf42a87c,49b5e547-49c4-90fb-03bb-07697e801123,32254037477150,46,-6736123.64,RATN
ee10133b-2821-0cf1-ce1f-9b30580f524a,49b5e547-49c4-90fb-03bb-07697e801123,60028966438818,46,-284048.51,RATN
f5e906f4-fbf3-90c6-058f-ab1b2178f36a,49b5e547-49c4-90fb-03bb-07697e801123,36767076318422,21,14086511.94,RATN
b474b326-646c-5764-05b1-14604bf2925a,49b5e547-49c4-90fb-03bb-07697e801123,39680684159635,4,69001891.25,RATN
5ef41c22-5a1f-fe34-d94a-709fce93e58d,49b5e547-49c4-90fb-03bb-07697e801123,93874993230699,21,21898696.97,RATN
995c9447-5b04-d130-1a44-b28ce8101133,49b5e547-49c4-90fb-03bb-07697e801123,71370631456036,46,34041161.32,KKBK
6cd228a1-a362-9e67-27c8-1b09efd927f1,d4556f07-2d3d-7444-e91f-963c0aaa9412,97713137192599,46,51770804.36,ICIC
a10c7abc-a8c7-74d7-84d9-958f39ef87ca,d4556f07-2d3d-7444-e91f-963c0aaa9412,47522128304687,21,-41787040.04,RATN
cfe74a56-7953-a7e8-9b47-ee6c9b45b00f,d4556f07-2d3d-7444-e91f-963c0aaa9412,58369381601857,46,35194475.7,RATN
5e8c9225-122f-6e62-3a98-364b26aa4926,4021a19e-bc21-f552-49f5-e6c61da8c94a,53840387792477,4,-6782750.19,AUBL
8179a399-fc93-b399-71d7-1319b5da199a,4021a19e-bc21-f552-49f5-e6c61da8c94a,19655835177135,21,-95643807.83,AUBL
0baed572-38db-b72b-acc4-5dbd6a764d81,cbfc3467-08ff-67b2-a801-3f6d0e529048,31303179507394,21,-80126781.68,CNRB
bc900de2-1803-ca20-715e-b7a0b6ad9cb0,7687ade6-33d0-c994-e8d0-d52a127277e0,57487272454403,46,-35724704.46,CNRB
7d66ffbe-98ee-1019-61f5-90e4af647580,3b8e57fa-98f2-286c-0941-f59ade575c77,16063687461970,4,26248929.14,RATN
75af84fb-6991-6702-1261-4c2afe28a98b,55910712-b1de-4a48-0166-b3f0d78cddf8,93831573637800,4,9551982.61,SBIN
884d61ba-9d95-d007-73ae-18e27d17badd,55910712-b1de-4a48-0166-b3f0d78cddf8,21145931374903,21,12374668.29,SBIN
372ab08a-e023-53aa-cd81-2be5576f0d32,55910712-b1de-4a48-0166-b3f0d78cddf8,27818267177521,4,83037739.31,SBIN
991465aa-18ea-4438-a073-42be86d97228,55910712-b1de-4a48-0166-b3f0d78cddf8,78878910154477,21,-45763584.59,SBIN
bec5add5-48b7-9631-e49f-166f29b0f789,87e08411-80d8-9701-0163-d980d2672420,18724108761038,21,3902665.83,UTIB
598460d3-843e-07da-204c-c4a31c9c52e5,c3e0af56-dc58-15b9-2804-f6be0e39b2f1,91025028965386,46,17177420.91,TMBL
2193629a-c9ac-cad1-02d1-fd0284e824d7,9b23da52-eb3f-a854-0d39-740813e0894a,75313087365028,46,-24450924.66,SBIN
6307b2b3-99c3-bd71-8c54-2508d34dd349,9b23da52-eb3f-a854-0d39-740813e0894a,16175877139797,4,6133069.8,UTIB
32d66104-61fe-13cd-2db9-00d588830f3d,eee7c203-21d1-7dd5-d1ea-43dd47d626ad,72266235515708,4,-58997973.36,SBIN
5fba7b2a-9c2c-f9b2-980f-d0f7c82c2705,de2423db-f3d7-c45a-9b1d-e99590b72e13,66846568795418,4,61396248.69,CNRB
a0779a21-fadf-dfa3-e766-43d12d8bac3e,de2423db-f3d7-c45a-9b1d-e99590b72e13,78161448946592,4,-22264582.1,CNRB
1d076dda-7ae4-cabb-564e-9f2c730b463c,de2423db-f3d7-c45a-9b1d-e99590b72e13,84537806724040,46,86256006.59,CNRB
bf4d12d9-e22f-02e8-8cab-9d089cf4bd27,de2423db-f3d7-c45a-9b1d-e99590b72e13,74651550685583,4,3701027.04,CNRB
39804750-c7ab-3640-ae83-9c4b59014702,de2423db-f3d7-c45a-9b1d-e99590b72e13,62755866574387,4,46122142.62,CNRB
e50a43ee-4d23-54b9-2668-fe69039dadb4,c0dbc6ef-9d47-fd9c-fae4-57fb55898bdc,39021698672359,46,2867885.24,UTIB
bb816f28-3fdf-6f6d-e5ba-626c12cd7857,c0dbc6ef-9d47-fd9c-fae4-57fb55898bdc,72754629564693,46,3770246.71,UTIB
45c83a8b-c52b-603a-33ea-1339ed7bad2a,c0dbc6ef-9d47-fd9c-fae4-57fb55898bdc,96127442616770,4,-18361173.33,UTIB
902fb0de-351d-63db-ceeb-0fbe9aea4195,9a653b0c-a2df-4232-cd2d-e9757cd0bd1e,62876960247598,4,9764957.17,TMBL
1c586ccd-563c-3aff-a8f4-dbc643bb23ce,9a653b0c-a2df-4232-cd2d-e9757cd0bd1e,69791038159082,21,17719947.78,TMBL
198883d5-3c42-f849-2416-491b4241f53e,4a33fda0-1858-31e8-f693-7b8e2c495d2c,49341523797982,21,-26370340.36,RATN
f4bf7950-9b3a-9858-b98d-98630a209e29,699e4a55-9f32-fed6-3d11-cc32bb1444a9,78050872876876,46,-1776.63,UTIB
cd6c2392-4b4c-be66-324c-217bf1dced8d,699e4a55-9f32-fed6-3d11-cc32bb1444a9,99790065310477,21,-19403954.64,SBIN
27884580-a892-3215-9974-090b1bb63c42,1e6fdb26-b9c8-7fd9-49ad-3bf7505b50dd,24435039166096,4,96986562.78,CNRB
485e52f7-ef51-f346-f5ad-b398c26bc3cc,1e6fdb26-b9c8-7fd9-49ad-3bf7505b50dd,28216475155338,21,1410769.2,CNRB
329a4da8-d460-5d5e-f401-883f3d80f47f,5fca8685-94ae-ba3e-d972-dba11108d1b7,58549398279795,21,66809286.07,RATN
65294866-f2ad-1b71-df09-7db455eb9b67,5fca8685-94ae-ba3e-d972-dba11108d1b7,53323785753549,21,-2824893.23,RATN
4a94912b-0642-6909-7e7a-f3cb461eb6f4,ed2d48f2-15a1-58fb-3eb0-a378be21199d,61441280605604,21,15371505.66,AUBL
53fbeae0-7498-b7ba-8f3d-dca7d313d201,6d069bc0-85f2-3bfc-0ea6-c09fe71d23f5,14416664295184,46,-47854562.87,SBIN
87863118-385c-447e-4cde-9eba08663c72,1d1d5506-ef99-c091-ab4c-1caa03c2413c,46384881069740,46,-12882903.67,CNRB
3065d0a9-eaf9-6d77-ebc3-ecd25a2f9de3,a6e4f3a2-b931-d313-cd0b-f7946fc9cdfc,62468043585900,4,13421386.83,UBIN
e200db36-b640-3ee1-7a2b-ef9c4783cc06,f66dedae-232d-2a85-f7db-b513d3c1a336,62667221617446,21,68440153.24,UBIN
ba475e00-51fa-013b-c589-4a8d45e069de,de13ddb4-f5be-879e-ed84-0055b4c7379f,69160056559153,46,13879311.11,HDFC
c2b324e6-9043-0f11-5c13-17183164a130,4629dfdb-f579-2d00-1ec7-6e43db46bb34,74819442610239,21,60348814.45,SBIN
2b62dc4a-9afd-9a59-bd8c-6fc2e9961b4d,74329608-2b5d-8159-c5a8-e5636a4b346b,67739248300677,21,30629164.41,TMBL
b549d03e-7edf-f972-3973-51e760ed4d14,74329608-2b5d-8159-c5a8-e5636a4b346b,81121883985049,4,70096053.58,TMBL
d61425bf-796f-2573-bbda-06ba6b0f8412,87f0b2ce-cd06-bed0-d89b-d6ad5f4c88d2,66228457121613,4,2638311.31,SBIN
2cd8a239-0e22-3d5e-0bc4-3f5c629a5a53,3f7269e1-681e-9cbf-b2b8-0b2fb58c8e00,58375689628348,46,100608908.43,KKBK
c053c236-73d4-8a1f-1ad5-689dfaef85f9,3f7269e1-681e-9cbf-b2b8-0b2fb58c8e00,64557678599902,46,-14415848.12,KKBK
5b9116c4-5928-9bb9-5a2a-991556c93616,3f7269e1-681e-9cbf-b2b8-0b2fb58c8e00,19107403007799,46,-25658473.37,KKBK
c99ecb92-d178-db0d-7b66-b1125778cb76,3f7269e1-681e-9cbf-b2b8-0b2fb58c8e00,34584088665296,4,-43402113.99,SBIN
7a78bec7-dd77-3573-b61e-ec4a53f2d1d3,3f7269e1-681e-9cbf-b2b8-0b2fb58c8e00,57465980259231,4,98240986.86,KKBK
cd5d8ca9-c01b-4234-5bea-da1453b41a0c,3f7269e1-681e-9cbf-b2b8-0b2fb58c8e00,88568849386153,4,37777902.9,SBIN
25bdb510-07e8-97cc-04b8-570016f8a107,44c8ff72-97fb-8b39-d1de-64b027532cc9,71114640065919,21,-8364829.34,UTIB
639ac02e-d75a-a720-534d-01009ab1d0b4,3c95e795-71f7-bae3-d685-df213d4ab727,18136727062470,21,54960907.87,ICIC
45ff7d2c-657c-d859-706e-00c70673d4d7,3c95e795-71f7-bae3-d685-df213d4ab727,63304745539996,46,32507687.4,CNRB
3f94cb60-6a97-2683-8b31-3a9f39d7fdae,fe9ce145-c85a-0da6-7251-1d0199d0ad4e,29956418887338,46,83645098.86,ICIC
4eeeecc3-f1f5-3cf9-a4dd-ccd533bdc345,befacab7-ff25-19b6-0a47-5b06ab1fd785,76061490380985,4,-56913313.31,UTIB
61e72d55-de07-155f-3f66-d94f4a9f04f8,befacab7-ff25-19b6-0a47-5b06ab1fd785,84469676725787,46,-5614404.33,UTIB
20952c45-0d06-8512-9c43-7196c1b3c6e1,befacab7-ff25-19b6-0a47-5b06ab1fd785,63411064533097,4,-13500855.36,UTIB
b5035d82-5c1e-0186-a1af-b82c9978a241,befacab7-ff25-19b6-0a47-5b06ab1fd785,63222634877653,4,-73947307.06,UTIB
8cdc8229-bfec-b752-c6d2-6e90fda5b573,befacab7-ff25-19b6-0a47-5b06ab1fd785,40473229888973,21,47413088.19,UTIB
d44b0394-89f1-e1e9-85a5-0ffc59e832a7,befacab7-ff25-19b6-0a47-5b06ab1fd785,50162501904517,4,-5815862.23,UTIB
b47cba56-41f2-e681-cf7e-3857edb3e433,befacab7-ff25-19b6-0a47-5b06ab1fd785,87769751843381,21,34585248.2,UTIB
2627b710-8657-c178-38bb-061c0b7f6ff4,befacab7-ff25-19b6-0a47-5b06ab1fd785,75098829787044,21,99390877.37,UTIB
11e70a16-ddda-1390-b632-5a498114850a,befacab7-ff25-19b6-0a47-5b06ab1fd785,56777829372625,4,-9129747.67,UTIB
6c3d2f5d-3929-7d0b-0bbc-7655cc8155aa,befacab7-ff25-19b6-0a47-5b06ab1fd785,43140914762353,21,-11846119.31,UTIB
7b2ae233-befe-4fa2-1a50-f32788259bb3,d7425cfe-cb8c-a565-74c9-27561ea2dc51,14534176445969,21,9746566.79,TMBL
3d810256-bc19-4ac6-dd5e-5731eeed6b51,d10aa685-ee6e-5ba3-33a7-fe0e82209dfc,22870666119374,46,44489894.12,HDFC
c83efe2e-e2bd-92f6-799b-122550886aee,d10aa685-ee6e-5ba3-33a7-fe0e82209dfc,27372267058543,4,-17668521.01,HDFC
94e2974a-4c45-e59a-9eef-bf6808887ee3,d10aa685-ee6e-5ba3-33a7-fe0e82209dfc,43604518893280,4,-20238463.89,ICIC
bf7c47f5-3746-d8d9-9a78-d015c620e522,f58a6cfe-f22e-d45f-1d1d-5eeb5d6b5af1,94972928236864,21,47287570.81,SBIN
1be81c67-8c33-188f-b1e2-77d41168b691,1af38115-1711-2650-1ffa-ff8d8072551f,55463805537287,4,20145572.95,HDFC
d0a8a164-8802-cd4e-3edd-6a79c3c71824,e1b2a9d1-40dd-bb42-b287-19f0f55b9d63,31135614693330,46,-76789130.52,CNRB
34c257bf-68d7-47bc-2da2-831cbbc13c21,110a0051-b8cb-9796-8128-f166139cbee7,19517512371536,4,-44015671.98,SBIN
72bfe5ec-c77e-3c2a-0ae4-ad09d8223bb4,110a0051-b8cb-9796-8128-f166139cbee7,40447497214266,21,65049434.55,SBIN
707aa734-cc8e-72e4-dd61-6f187a9ae61e,110a0051-b8cb-9796-8128-f166139cbee7,83415757199595,46,21077131.32,UBIN
d210076a-3ee6-2da8-393d-371be53fc9b8,110a0051-b8cb-9796-8128-f166139cbee7,44500851406945,4,-25487837.24,UBIN
46df6d13-cba7-d3c3-933e-53e22b7a169b,110a0051-b8cb-9796-8128-f166139cbee7,79525522542017,4,-1816386.29,SBIN
3da1fe47-3b12-309a-7473-f5a26f318328,110a0051-b8cb-9796-8128-f166139cbee7,82243447851419,46,5529466.91,SBIN
56f1de7a-685a-b02c-2990-34741f308a15,110a0051-b8cb-9796-8128-f166139cbee7,19973869272883,21,34429334.41,SBIN
5c5e14b9-06f5-6886-69f7-565fc451f50d,79b53108-970f-36c0-8a32-de6dfed6c27a,64779377736410,4,-49330535.79,AUBL
2e82f21e-5724-0f96-154c-b93fb6da8c9d,982ccdf9-0cd6-6126-bec4-a630731796e4,96318645703399,4,-28637965.55,CNRB
2d25a399-f561-4220-2d3a-0c1bce7025a7,5b9cc8bf-1855-24eb-8c5b-46d9c5a8aa89,46192426741319,46,15918230.19,AUBL
3b390102-714b-c517-23c2-fba6c3abfead,256b9c17-8542-9803-a148-74cc6caa1b47,14584968010272,46,1006616.78,UBIN
77ad1118-b5c3-aa8f-d30c-e5a24ef735b6,313aa8f6-9dbd-090a-1605-b3384f9b2c6b,93097242123209,21,27874367.31,KKBK
57e628ff-1ba1-1694-9142-4d67116ccdac,d31d3140-2aef-a7a0-d9e3-ba4ec546062b,89529965341523,21,-44180295.89,TMBL
645e0bae-a2b4-1557-ecf9-cd30ede2d1d8,5197e3c2-2bd9-bf35-72e3-4be4b00ad110,56992730248810,46,19285147.05,KKBK
b8140dd7-5f1f-8de3-6f9c-c09f7e2955e0,5197e3c2-2bd9-bf35-72e3-4be4b00ad110,59702780830960,4,48663344.78,KKBK
3dad6645-be76-702a-338b-903d1826c3c4,5197e3c2-2bd9-bf35-72e3-4be4b00ad110,29056699249851,4,24472741.89,KKBK
e8eeb3f9-ed92-aa2c-9bcc-5069ed54188c,4f7217db-211c-70d3-27bc-09e624e0fbe2,83750567999017,46,10564469.59,UBIN
c074b357-8817-c8c3-edf8-7d97fe886cc7,4f7217db-211c-70d3-27bc-09e624e0fbe2,54874003455291,4,1164655.9,RATN
2cb84e00-1a52-eadd-8858-0129720c2489,4f7217db-211c-70d3-27bc-09e624e0fbe2,13049001562830,46,-28394046.11,RATN
50584316-79e3-e7f6-0492-892bc524aa51,4f7217db-211c-70d3-27bc-09e624e0fbe2,71471346080409,21,2120056.3,RATN
2efd3817-1f84-0f1a-4dba-4482094ad3d9,4f7217db-211c-70d3-27bc-09e624e0fbe2,95544664282243,46,55388234.12,UBIN
45d6812c-7314-8b82-ecca-573217e09a20,ec61718d-90a0-9a70-d036-4b96b49582f6,84623544131117,4,238859.74,RATN
5d912c72-0fa7-54c8-84b2-87b046cd09f5,24d4ca7e-0202-b23a-bc10-20bcc0c9adf6,34947832618948,46,-30592159.57,SBIN
2182075a-a3f3-d2ff-f3b1-9aeda7feaa8d,24d4ca7e-0202-b23a-bc10-20bcc0c9adf6,14799257644000,4,-14689883.55,SBIN
03b1f63d-4f79-b094-825f-94032227fef4,ea4eeec9-928a-ce61-0d93-1b8e634997e4,94631627128436,4,13034011.89,UBIN
70569e7a-3397-cbd0-0315-d4b508bffb5c,ebc4b88b-79d6-75fb-316b-2acaecf75e1c,94335645239173,46,-9940559.89,SBIN
b37426c9-046e-0185-df80-4e6eab34919c,ebc4b88b-79d6-75fb-316b-2acaecf75e1c,57917378774158,21,24412131.32,SBIN
4d8f1704-e357-d08c-c355-3b8dc52af8cf,993b3463-774a-cd90-0408-27cda411470d,67808567050438,46,25913750.43,TMBL
dc46e9c7-d652-774b-b71a-810fbd3d0b5d,2a604977-ade5-0c95-4550-720e5568ab34,51634005463972,4,40559327.22,UBIN
5e88aa38-cfcf-00de-f85f-2158cc99df96,2a604977-ade5-0c95-4550-720e5568ab34,47778883038888,4,61942378.89,CNRB
e69aa3b1-0ee2-0df5-3239-c6a0cd87a699,27e67f65-85cb-322f-1998-504c02bf0c04,20750359233583,21,44834348.97,RATN
3c6a510c-597d-0037-e7e9-35339a378eef,27e67f65-85cb-322f-1998-504c02bf0c04,18707760852498,46,-32369562.57,RATN
8a11c4bd-f8aa-5c36-3b8d-373684f84752,48e36a52-ba4d-be11-b5bc-5072acca344b,30945893200856,21,-31141377.86,SBIN
c35e287e-941f-bd26-f880-760cdb5b33e0,48e36a52-ba4d-be11-b5bc-5072acca344b,85297667176588,46,1969140.94,SBIN
0f1d318d-20e5-1526-3101-9e5859184736,48e36a52-ba4d-be11-b5bc-5072acca344b,23124907066211,46,-13047014.29,SBIN
ee14b30a-241a-5d79-8ce2-0053190ee0ef,93d1830d-c390-7bb8-85c6-0ac23584cd7e,30402878672323,46,-40533069.08,AUBL
5d6df462-435b-475d-ca12-7426c080a436,2753351c-eb8c-d63a-faee-b366c1abb89a,59375265338998,21,-12667671.77,UBIN
7f78763f-f8eb-af07-1402-0a7046a2f1e5,2753351c-eb8c-d63a-faee-b366c1abb89a,29361809627044,46,-13980517.34,UBIN
a0e161d0-2b6b-ae0c-1113-99fffa962a55,2753351c-eb8c-d63a-faee-b366c1abb89a,24688601624600,21,-21873909.59,KKBK
a49b8b6f-e723-f9a5-d98b-c8ed6a0789bd,2753351c-eb8c-d63a-faee-b366c1abb89a,60698461752816,46,-7631579.45,KKBK
060f23c4-ad92-4983-0f78-205eda0f1a75,2753351c-eb8c-d63a-faee-b366c1abb89a,43128394389695,21,52138034.01,KKBK
ddff0098-ec01-7998-9d23-d93c0ade863e,2753351c-eb8c-d63a-faee-b366c1abb89a,66354335725642,21,12969521.65,UBIN
9fa48b5a-d375-931e-f02f-2ffda8c35883,74a5ff79-cc9b-4d3e-bfda-4182866c2fe0,92098480636780,21,103872363.04,ICIC
ffb34c92-5508-a332-9d5f-632372be4a1d,1d90c1be-8488-649b-9c8e-1f2b777b64cd,23589381829156,21,11820327.44,ICIC
78b50ff9-d3f0-f49a-7b22-dba8766d188e,1d90c1be-8488-649b-9c8e-1f2b777b64cd,92209029383175,46,-6602630.96,ICIC
9d0f6a95-2b4c-6984-6ad1-21f043e50770,8a500f6d-7dfd-c0cd-8262-5c2829eb9b00,91224097068062,46,5165315.31,CNRB
70e97dbb-4a7c-f5b5-a35e-b0a3f8a024fe,0569f4d6-3c57-65eb-0df3-bb8eb62535c8,84617882500231,21,15259679.14,UTIB
e3c8964d-3636-b354-9264-3c5b648a4820,0569f4d6-3c57-65eb-0df3-bb8eb62535c8,66815732557547,4,22410158.29,UTIB
d5175715-2217-5474-8073-cd6ad9b90b11,0569f4d6-3c57-65eb-0df3-bb8eb62535c8,65813199171899,21,88068453.03,UTIB
e89a8ccf-170a-54c7-2751-01206cd386ad,b583650e-997e-f4ae-11f8-b5432a78df5b,67529139394285,4,-28812818.6,ICIC
81188b5a-2ff9-6574-a9a4-8f890c5bcea2,b583650e-997e-f4ae-11f8-b5432a78df5b,72144599609603,4,39361842.33,ICIC
ca9c9090-1ebf-91fc-bd61-9186e121209b,b583650e-997e-f4ae-11f8-b5432a78df5b,11483398053654,4,13310023.9,SBIN
5bd9fa85-6163-8949-b577-83a82f635812,0e2e64be-239e-615f-9dc6-6cb66af1e85d,96228332124458,21,-57843909.7,KKBK
75ff9982-1241-0392-1334-5591453510db,31dfd80d-ee65-7f79-011e-fe6cd61809b9,62704338531902,46,35827951.28,KKBK
c29da4ab-0faf-d4c7-b3f0-0c52dc718071,31dfd80d-ee65-7f79-011e-fe6cd61809b9,80331925546217,21,55704942.43,UBIN
14c68231-fd65-0b6f-bad2-e98fe4cc5984,31dfd80d-ee65-7f79-011e-fe6cd61809b9,43955365515522,21,-29287056.15,UBIN
b5e2ad64-1673-22b2-2ef4-45e2eab06ab1,31dfd80d-ee65-7f79-011e-fe6cd61809b9,11115749252421,4,4642645.28,KKBK
040bd537-12f5-71c0-d956-a6606d0c6ee2,31dfd80d-ee65-7f79-011e-fe6cd61809b9,55876119388879,46,-64014170.48,UBIN
94a587ec-07b5-088c-861a-c273c1c8f627,31dfd80d-ee65-7f79-011e-fe6cd61809b9,55647110738433,4,-45352258.39,UBIN
7a29d219-21ee-471f-78f3-b50e53eb34ef,31dfd80d-ee65-7f79-011e-fe6cd61809b9,49329035948030,46,46921183.1,KKBK
77fb5611-8725-b57e-b905-3515bd8a40d1,31dfd80d-ee65-7f79-011e-fe6cd61809b9,40574534874586,46,-13656660.24,UBIN
7e8b65b3-d3c6-f509-8284-3e2c80a4a131,2cb54dae-d854-d20f-0ad7-7c5aeb9d18a3,32484347902874,46,-39352119.0,UTIB
7def5acc-bc21-eb20-8b74-65e00d4d31de,d4bc075d-1ea6-dc46-3819-47a4fd37d209,57479038704746,4,14178414.58,RATN
6848e6c5-948a-9f72-4fed-464b6af13959,0daa7036-c934-6796-e257-5f93f54045ce,43775032572414,4,-15896497.26,AUBL
738bf40c-15c4-2c04-ed89-511b77bcea47,6de3f611-1dfa-7fd1-757c-71f08e54032e,97293869474482,4,-13832866.31,CNRB
91736a60-c640-34b7-f82e-700f41e326e3,6de3f611-1dfa-7fd1-757c-71f08e54032e,25563457699023,46,34573041.03,CNRB
c3727edd-0989-4e1d-2163-f14b5fdd3d5e,6de3f611-1dfa-7fd1-757c-71f08e54032e,38769901086437,4,-41469334.36,CNRB
8d5a88f0-a183-7308-bbae-0baa80af979c,6de3f611-1dfa-7fd1-757c-71f08e54032e,36456442383211,46,-31214608.51,CNRB
a47c5f95-68c9-f987-05f9-40290cb94428,6de3f611-1dfa-7fd1-757c-71f08e54032e,58897825861236,4,11163199.69,CNRB
d62c45b2-e1d6-39b4-5e76-08a926dc7a77,6de3f611-1dfa-7fd1-757c-71f08e54032e,54935223127673,4,43776391.63,CNRB
fd50acda-4eba-7d02-f851-c4aac44be6f0,6de3f611-1dfa-7fd1-757c-71f08e54032e,67936641888184,4,54526412.06,CNRB
1bd0f3b0-a372-9b9f-2cc0-2d465a1814ab,6de3f611-1dfa-7fd1-757c-71f08e54032e,95500159351678,46,-21602468.81,CNRB
b6824f4e-70a3-8350-6083-01d79bbf1d33,9755337d-b8a2-36c8-b5a6-ec283352b155,35669897694448,21,42495078.68,RATN
39a53e57-85a9-fd76-3836-5e3f90d7a0b8,841848d7-1674-1909-695c-24e1d6cd461d,72349441232949,21,-26365691.74,KKBK
32603ccf-f055-0fc3-ba6c-a30c8d1ca468,ae434ea6-7cfa-3e6c-2c52-1b46cd37a873,12253618270466,21,78048373.88,ICIC
cb025fd2-b676-c390-76c3-9c6669d51f69,ae434ea6-7cfa-3e6c-2c52-1b46cd37a873,33614962546026,21,-40350841.02,ICIC
1195bfcd-6a20-5727-97d6-8b897bba88a6,ae434ea6-7cfa-3e6c-2c52-1b46cd37a873,51734775519693,21,58139152.43,ICIC
d90bd641-7288-54d5-f14c-29a5d2ebeba5,ae434ea6-7cfa-3e6c-2c52-1b46cd37a873,12789530963302,21,-21259444.27,ICIC
c5427330-b45e-ca4d-8563-a078f70d80a8,ae434ea6-7cfa-3e6c-2c52-1b46cd37a873,65590251449827,4,85529858.19,ICIC
feacccb6-5897-a381-bbf1-03d141b88471,ae434ea6-7cfa-3e6c-2c52-1b46cd37a873,71047954756153,4,28652829.15,ICIC
aafe4e81-2af8-bbab-1910-83aeab62a8fa,ae434ea6-7cfa-3e6c-2c52-1b46cd37a873,77205854335424,21,-35640661.18,ICIC
df772972-77b8-1235-371a-36dbf842f33f,ae434ea6-7cfa-3e6c-2c52-1b46cd37a873,56491705435871,4,-15889539.18,ICIC
1e584bd0-1177-330a-f265-68a901f10b66,ae434ea6-7cfa-3e6c-2c52-1b46cd37a873,64355019848076,21,36247248.21,ICIC
e3d06bdc-2b72-6233-dc0c-32ccc8e38ad8,ae434ea6-7cfa-3e6c-2c52-1b46cd37a873,45645872615063,4,47105776.7,ICIC
290b1e8e-6bb3-8bd1-a81b-ef5d7f2fa806,ae434ea6-7cfa-3e6c-2c52-1b46cd37a873,13712772925590,46,2171376.33,ICIC
50791b55-cbec-1ff8-60d1-bfddf7b42d32,ae434ea6-7cfa-3e6c-2c52-1b46cd37a873,18995667019706,4,6786331.24,ICIC
20d14642-c80a-fa5d-3326-4d7094095745,ae434ea6-7cfa-3e6c-2c52-1b46cd37a873,68949633178131,4,35334121.31,ICIC
66d34bfe-42bd-7ba6-da0a-7708d6901e04,ae434ea6-7cfa-3e6c-2c52-1b46cd37a873,99599976962719,21,10271937.08,ICIC
bfbe6317-6c03-7798-c909-c1172a7fedea,ae434ea6-7cfa-3e6c-2c52-1b46cd37a873,11422291524696,4,-46740194.37,ICIC
44a139b5-274d-d7ea-3de0-065c2460ec42,cd980c39-a869-ba6e-5f04-1d20fd85b878,60182514714374,21,-27518960.99,CNRB
d27b648a-c157-ae7e-96ff-3722ed34584b,cd980c39-a869-ba6e-5f04-1d20fd85b878,77590787759430,4,14404797.73,HDFC
9b366ff6-3f10-f0c5-9e60-8ab786c616a7,cd980c39-a869-ba6e-5f04-1d20fd85b878,84409734521249,4,53619296.66,CNRB
a1014d07-ccad-c214-7a3b-13fa8eef88dd,cd980c39-a869-ba6e-5f04-1d20fd85b878,59068441110037,46,69639296.97,CNRB
f0558c35-d791-e8d2-ed3a-46f02b83b65d,64c4f732-ba93-58e2-177b-0720a6a48572,65792438216569,46,36181176.83,RATN
6e8d71dd-b067-e1c2-1fc5-107b3a0afe0d,64c4f732-ba93-58e2-177b-0720a6a48572,72705245074709,4,16491630.44,RATN
583a6298-5488-1275-4205-577fd1775908,64c4f732-ba93-58e2-177b-0720a6a48572,87306962472408,46,34952555.44,TMBL
fe9b1fa0-f3f1-da68-1853-cbd64da6faae,64c4f732-ba93-58e2-177b-0720a6a48572,21006058348253,46,-21670034.01,RATN
8e97ab34-afa0-f6d8-b163-a315958ba68e,64c4f732-ba93-58e2-177b-0720a6a48572,93356397664737,21,-1129238.41,RATN
9d56b079-a555-bd29-a4dd-d1e251085b26,64c4f732-ba93-58e2-177b-0720a6a48572,12341566319641,21,-27965228.85,RATN
4bda4ae6-db3d-a95b-fcc0-851543716a0d,d4061611-6b29-e9e1-c52f-4f46243fa0ce,85257977586199,46,-44949704.43,RATN
3726de41-e1a7-f72b-8ad5-1fac2a80511a,d4061611-6b29-e9e1-c52f-4f46243fa0ce,16906638390372,21,18341960.47,RATN
2b7802d6-13e7-1311-268d-9bfeedfa32bf,d4061611-6b29-e9e1-c52f-4f46243fa0ce,27516539044443,21,12420532.26,CNRB
393b29f3-e1ad-18ec-736c-f9e9f0a7eef7,d4061611-6b29-e9e1-c52f-4f46243fa0ce,10350473174301,21,32506099.38,CNRB
31f7adcb-c3d8-a3b0-16a1-88531d7cd54b,5167dd51-ebef-83f7-2efc-089f80be32e0,50073103498243,46,26844473.24,AUBL
bf291384-34de-9f3c-abc0-e3b35a6ea21b,fc032076-c639-eda6-605a-3b5972c03979,40092330404565,46,14705770.85,ICIC
0ed5818f-4ec3-29fc-ac98-0e5e90594956,fc032076-c639-eda6-605a-3b5972c03979,24939362033832,4,27264666.63,ICIC
a11f5731-c0ae-aa51-db8e-fd58621f0b2c,fc032076-c639-eda6-605a-3b5972c03979,50598114472351,21,3292676.15,ICIC
f304e67b-3774-9031-56f8-ef60b8961d21,8128a1a7-3550-d6d1-fae3-0fadd7cb63fb,46213379485496,46,21515655.81,SBIN
c3fb418f-73d1-777d-4f64-1f7f429e6f77,8128a1a7-3550-d6d1-fae3-0fadd7cb63fb,79089492942886,4,-24045776.11,SBIN
67231e36-b05b-d878-123d-13fc0f10b29f,bc6b5ecb-abd5-d268-978a-e731647fa53f,90381727546302,46,19788237.03,HDFC
0f3501c2-a686-7bd3-6a47-72e656415d4f,e00052ea-bb04-5089-7564-3af2541ea6d7,68731052659037,46,31736707.41,HDFC
d588f260-e8e8-6e74-79ad-a104990d17ce,caeb3127-5569-48bc-8b02-e285147e1c1f,21196934985387,46,-21787257.12,SBIN
00ce5b6b-1c8d-afa8-c125-ccae2e3e5ca2,caeb3127-5569-48bc-8b02-e285147e1c1f,36585171523886,4,7073283.96,SBIN
ae6b9bbb-4b86-60fd-c0f7-1d81d0dee6ed,d9e3c325-bcfc-ba55-c8b9-876ed5e07afa,92198646714905,21,-19944100.39,CNRB
abc35166-fc21-0d37-23e7-98250322bd13,8958f429-e5fb-599c-4125-b7c5c15d5175,17986104370710,21,-16060267.86,HDFC
